{
"apiVersion": "V2",
"assemblies": [
{
  "files": [
    {
      "filePath": "data_summary.tsv",
      "fileType": "DATA_TABLE",
      "uncompressedLengthBytes": "533"
    },
    {
      "filePath": "assembly_data_report.jsonl",
      "fileType": "DATA_REPORT",
      "uncompressedLengthBytes": "6762"
    }
  ]
},{
  "accession": "GCA_003355195.1",
  "files": [
    {
      "filePath": "GCA_003355195.1/GCA_003355195.1_ASM335519v1_genomic.fna",
      "fileType": "GENOMIC_NUCLEOTIDE_FASTA",
      "uncompressedLengthBytes": "2050320"
    }
  ]
},{
  "accession": "GCF_003355195.1",
  "files": [
    {
      "filePath": "GCF_003355195.1/GCF_003355195.1_ASM335519v1_genomic.fna",
      "fileType": "GENOMIC_NUCLEOTIDE_FASTA",
      "uncompressedLengthBytes": "2050323"
    }
  ]
}]}
