{
"apiVersion": "V2",
"assemblies": [
{
  "files": [
    {
      "filePath": "data_summary.tsv",
      "fileType": "DATA_TABLE",
      "uncompressedLengthBytes": "579"
    },
    {
      "filePath": "assembly_data_report.jsonl",
      "fileType": "DATA_REPORT",
      "uncompressedLengthBytes": "7350"
    }
  ]
},{
  "accession": "GCA_003855415.1",
  "files": [
    {
      "filePath": "GCA_003855415.1/GCA_003855415.1_ASM385541v1_genomic.fna",
      "fileType": "GENOMIC_NUCLEOTIDE_FASTA",
      "uncompressedLengthBytes": "2249973"
    }
  ]
},{
  "accession": "GCF_003855415.1",
  "files": [
    {
      "filePath": "GCF_003855415.1/GCF_003855415.1_ASM385541v1_genomic.fna",
      "fileType": "GENOMIC_NUCLEOTIDE_FASTA",
      "uncompressedLengthBytes": "2249979"
    }
  ]
}]}
